{"west":-121.912,"south":37.704,"east":-121.88,"north":37.728,"ncols":16,"nrows":16,"values":[117.770233154,119.937065125,135.110458374,150.749053955,150.376556396,148.018417358,140.225769043,140.52041626,138.123001099,149.381286621,152.667312622,156.178161621,152.261581421,164.607513428,163.081130981,166.457214355,118.444213867,119.394294739,130.713348389,136.493423462,150.744369507,142.408218384,139.765335083,130.996353149,139.874313354,161.142272949,138.53767395,157.934936523,152.482711792,160.033401489,179.47164917,161.446884155,117.593330383,118.917182922,129.064910889,129.260742188,142.122116089,130.505691528,136.913894653,136.4609375,135.926376343,137.125274658,146.114242554,149.346389771,135.570205688,149.83215332,187.210296631,159.19241333,112.636680603,119.568969727,120.040962219,126.128929138,134.834365845,129.328536987,128.22543335,133.387786865,127.308380127,128.146194458,145.316940308,142.732635498,128.533615112,148.316299438,184.216308594,163.017990112,114.634086609,122.012626648,117.611869812,121.497879028,123.457832336,124.405517578,128.697128296,122.89478302,121.021789551,120.070762634,128.79460144,134.099243164,133.815307617,148.848052979,171.010910034,191.092330933,111.745223999,120.298019409,115.775665283,115.7317276,120.647987366,123.593734741,123.418327332,117.087043762,117.425071716,119.981437683,119.60433197,120.760559082,120.740447998,130.239486694,152.051712036,175.05116272,111.789176941,117.788978577,113.935447693,114.0859375,122.789787292,114.27205658,112.137619019,112.640174866,113.034065247,115.632469177,118.159133911,117.560325623,118.820709229,118.278152466,134.175827026,149.552825928,108.402740479,116.407623291,113.537200928,112.920082092,119.662391663,118.967391968,110.015312195,110.906150818,111.281585693,113.022705078,117.305198669,117.087471008,117.540046692,118.627082825,125.590423584,133.402038574,111.032531738,112.25630188,111.815826416,111.44770813,113.39364624,115.967803955,108.357437134,109.074378967,109.954795837,111.293502808,114.188796997,120.803207397,120.562698364,117.40499115,121.43497467,124.219734192,109.953231812,113.624778748,110.653259277,111.43963623,110.729827881,110.708282471,108.929275513,109.003936768,108.816795349,112.284996033,113.131614685,112.921401978,114.437713623,115.121261597,116.699569702,120.480903625,105.772872925,108.31728363,108.43522644,110.081367493,109.164031982,107.463142395,106.792854309,107.610855103,108.240951538,110.589324951,111.258743286,112.031333923,112.489013672,113.48223114,115.035148621,116.213829041,103.18296051,104.25869751,105.968231201,107.650756836,107.329902649,107.442245483,106.227256775,107.109260559,107.506103516,108.356925964,109.540115356,109.426628113,110.608230591,112.591812134,112.811958313,112.783599854,102.648399353,103.330093384,103.060302734,105.150802612,105.295761108,105.103637695,104.75957489,106.007003784,106.568702698,106.750679016,108.130187988,108.90422821,108.411598206,109.73059082,110.604812622,112.048171997,101.99546814,101.953643799,102.721893311,102.335510254,103.878715515,104.125289917,104.709762573,105.524238586,106.192466736,107.035751343,107.4895401,108.267196655,107.970733643,109.372009277,110.287193298,111.033187866,101.891189575,101.563285828,101.632408142,101.993103027,102.792747498,103.57460022,103.917121887,104.254272461,106.470939636,105.930465698,106.088470459,107.125587463,107.839447021,108.227813721,108.719985962,108.621902466,101.19278717,101.320495605,101.398200989,101.169273376,101.489692688,102.126502991,103.418960571,102.866188049,103.680305481,104.20930481,105.348594666,105.095199585,106.949562073,106.943603516,107.961746216,108.483299255],"source":"usgs-fixture","resolution_m":1,"fixture":true}